id;matricule_mission;nom_mission;id_dossier;id_client;statut
1;C202501;Comptabilité;1;1;En cours
2;P202501;Paie;2;2;En cours
3;C202501;Comptabilité;3;3;En cours
4;J202501;Juridique;4;4;En cours
5;C202501;Comptabilité;5;5;En cours
6;L202501;Conseil;6;6;En cours
7;C202501;Comptabilité;7;7;En cours
8;P202501;Paie;8;8;En cours
9;P202501;Paie;9;9;En cours
10;J202501;Juridique;10;10;Clôturé
11;C202501;Comptabilité;11;11;En cours
12;P202501;Paie;12;12;En cours
13;P202501;Paie;13;13;En cours
14;C202501;Comptabilité;14;14;En cours
15;J202501;Juridique;15;15;En cours
16;C202501;Comptabilité;16;16;En cours
17;C202501;Comptabilité;17;17;En cours
18;P202501;Paie;18;18;En cours
19;J202501;Juridique;19;19;En cours
20;C202501;Comptabilité;20;20;En cours
21;C202501;Comptabilité;21;21;En cours
22;C202501;Comptabilité;22;22;En cours
23;P202501;Paie;23;23;En cours
24;C202501;Comptabilité;24;24;En cours
25;J202501;Juridique;25;25;En cours
26;P202501;Paie;26;26;En cours
27;C202501;Comptabilité;27;27;En cours
28;J202501;Juridique;28;28;En cours
29;P202501;Paie;29;29;En cours
30;C202501;Comptabilité;30;30;En cours
31;C202501;Comptabilité;31;31;En cours
32;P202501;Paie;32;32;En cours
33;C202501;Comptabilité;33;33;En cours
34;J202501;Juridique;34;34;En cours
35;C202501;Comptabilité;35;35;En cours
36;L202501;Conseil;36;36;En cours
37;C202501;Comptabilité;37;37;En cours
38;P202501;Paie;38;38;En cours
39;P202501;Paie;39;39;En cours
40;J202501;Juridique;40;40;En cours
41;C202501;Comptabilité;41;41;En cours
42;P202501;Paie;42;42;En cours
43;P202501;Paie;43;43;En cours
44;C202501;Comptabilité;44;44;En cours
45;J202501;Juridique;45;45;En cours
46;C202501;Comptabilité;46;46;En cours
47;C202501;Comptabilité;47;47;En cours
48;P202501;Paie;48;48;En cours
49;J202501;Juridique;49;49;En cours
50;C202501;Comptabilité;50;50;En cours
51;C202501;Comptabilité;51;51;En cours
52;C202501;Comptabilité;52;52;En cours
53;P202501;Paie;53;53;En cours
54;C202501;Comptabilité;54;54;En cours
55;J202501;Juridique;55;55;En cours
56;P202501;Paie;56;56;En cours
57;C202501;Comptabilité;57;57;En cours
58;J202501;Juridique;58;58;En cours
59;P202501;Paie;59;59;En cours
60;C202501;Comptabilité;60;60;En cours
61;C202501;Comptabilité;61;61;En cours
62;P202501;Paie;62;62;Clôturé
63;C202501;Comptabilité;63;1;En cours
64;J202501;Juridique;64;2;En cours
65;C202501;Comptabilité;65;3;En cours
66;L202501;Conseil;66;4;En cours
67;C202501;Comptabilité;67;5;En cours
68;P202501;Paie;68;6;En cours
69;P202501;Paie;69;7;En cours
70;J202501;Juridique;70;8;En cours
71;C202501;Comptabilité;71;9;En cours
72;P202501;Paie;72;10;En cours
73;P202501;Paie;73;11;En cours
74;C202501;Comptabilité;74;12;En cours
75;J202501;Juridique;75;13;En cours
76;C202501;Comptabilité;76;14;En cours
77;C202501;Comptabilité;77;15;En cours
78;P202501;Paie;78;16;En cours
79;J202501;Juridique;79;17;En cours
80;C202501;Comptabilité;80;18;En cours
81;C202501;Comptabilité;81;19;En cours
82;C202501;Comptabilité;82;20;En cours
83;P202501;Paie;83;21;En cours
84;C202501;Comptabilité;84;22;En cours
85;J202501;Juridique;85;23;En cours
86;P202501;Paie;86;24;En cours
87;C202501;Comptabilité;87;25;En cours
88;J202501;Juridique;88;26;En cours
89;P202501;Paie;89;27;En cours
90;C202501;Comptabilité;90;28;En cours
91;C202501;Comptabilité;91;29;En cours
92;P202501;Paie;92;30;En cours
93;C202501;Comptabilité;93;31;En cours
94;J202501;Juridique;94;32;En cours
95;C202502;Comptabilité;95;33;En cours
96;L202502;Conseil;96;34;En cours
97;C202502;Comptabilité;97;35;En cours
98;P202502;Paie;98;36;En cours
99;P202502;Paie;99;37;En cours
100;J202502;Juridique;100;38;En cours
101;C202502;Comptabilité;101;39;En cours
102;P202502;Paie;102;40;En cours
103;P202502;Paie;103;41;En cours
104;C202502;Comptabilité;104;42;En cours
105;J202502;Juridique;105;43;En cours
106;C202502;Comptabilité;106;44;En cours
107;C202502;Comptabilité;107;45;En cours
108;P202502;Paie;108;46;En cours
109;J202502;Juridique;109;47;En cours
110;C202502;Comptabilité;110;48;En cours
111;C202502;Comptabilité;111;49;En cours
112;C202502;Comptabilité;112;50;En cours
113;P202502;Paie;113;51;En cours
114;C202502;Comptabilité;114;52;En cours
115;J202502;Juridique;115;53;En cours
116;P202502;Paie;116;54;Clôturé
117;C202502;Comptabilité;117;55;En cours
118;J202502;Juridique;118;56;En cours
119;P202502;Paie;119;57;En cours
120;C202502;Comptabilité;120;58;En cours
121;C202502;Comptabilité;121;59;En cours
122;P202502;Paie;122;60;En cours
123;C202502;Comptabilité;123;61;En cours
124;J202502;Juridique;124;62;En cours
125;C202502;Comptabilité;125;1;En cours
126;L202502;Conseil;126;2;En cours
127;C202502;Comptabilité;127;3;En cours
128;P202502;Paie;128;4;En cours
129;P202502;Paie;129;5;En cours
130;J202502;Juridique;130;6;En cours
131;C202502;Comptabilité;131;7;En cours
132;P202502;Paie;132;8;En cours
133;P202502;Paie;133;9;En cours
134;C202502;Comptabilité;134;10;En cours
135;J202502;Juridique;135;11;En cours
136;C202502;Comptabilité;136;12;En cours
137;C202502;Comptabilité;137;13;En cours
138;P202502;Paie;138;14;En cours
139;J202502;Juridique;139;15;En cours
140;C202502;Comptabilité;140;16;En cours
141;C202502;Comptabilité;141;17;En cours
142;C202502;Comptabilité;142;18;En cours
143;P202502;Paie;143;19;En cours
144;C202502;Comptabilité;144;20;En cours
145;J202502;Juridique;145;21;En cours
146;P202502;Paie;146;22;En cours
147;C202502;Comptabilité;147;23;En cours
148;J202502;Juridique;148;24;En cours
149;P202502;Paie;149;25;En cours
150;C202502;Comptabilité;150;26;En cours
151;C202502;Comptabilité;151;27;En cours
152;P202502;Paie;152;28;En cours
153;C202502;Comptabilité;153;29;En cours
154;J202502;Juridique;154;30;Clôturé
155;C202502;Comptabilité;155;31;En cours
156;L202502;Conseil;156;32;En cours
157;C202502;Comptabilité;157;33;En cours
158;P202502;Paie;158;34;En cours
159;P202502;Paie;159;35;En cours
160;J202502;Juridique;160;36;En cours
161;C202502;Comptabilité;161;37;En cours
162;P202502;Paie;162;38;En cours
163;P202502;Paie;163;39;En cours
164;C202502;Comptabilité;164;40;En cours
165;J202502;Juridique;165;41;En cours
166;C202502;Comptabilité;166;42;En cours
167;C202502;Comptabilité;167;43;En cours
168;P202502;Paie;168;44;En cours
169;J202502;Juridique;169;45;En cours
170;C202502;Comptabilité;170;46;En cours
171;C202502;Comptabilité;171;47;En cours
172;C202502;Comptabilité;172;48;En cours
173;P202502;Paie;173;49;En cours
174;C202502;Comptabilité;174;50;En cours
175;J202502;Juridique;175;51;En cours
176;P202502;Paie;176;52;En cours
177;C202502;Comptabilité;177;53;Clôturé
178;J202502;Juridique;178;54;En cours
179;P202502;Paie;179;55;En cours
180;C202502;Comptabilité;180;56;En cours
181;C202502;Comptabilité;181;57;En cours
182;P202502;Paie;182;58;En cours
183;C202502;Comptabilité;183;59;En cours
184;J202502;Juridique;184;60;En cours
185;C202502;Comptabilité;185;61;En cours
186;L202502;Conseil;186;62;En cours
187;C202502;Comptabilité;187;1;En cours
188;P202502;Paie;188;2;En cours
189;P202502;Paie;189;3;En cours
190;J202502;Juridique;190;4;En cours
191;C202502;Comptabilité;191;5;Clôturé
192;P202502;Paie;192;6;En cours
193;P202502;Paie;193;37;En cours
194;C202502;Comptabilité;194;38;En cours
195;J202502;Juridique;195;39;En cours
196;C202502;Comptabilité;196;40;En cours
197;C202502;Comptabilité;197;41;En cours
198;P202502;Paie;198;42;En cours
199;J202502;Juridique;199;43;En cours
200;C202502;Comptabilité;200;44;En cours
201;C202502;Comptabilité;201;45;En cours
202;C202502;Comptabilité;202;46;En cours
203;P202502;Paie;203;30;En cours
204;C202502;Comptabilité;204;31;En cours
205;J202502;Juridique;205;32;En cours
206;P202502;Paie;206;33;En cours
207;C202502;Comptabilité;207;34;En cours
208;J202502;Juridique;208;35;En cours
209;P202502;Paie;209;36;En cours
210;C202502;Comptabilité;4;4;En cours
211;C202503;Comptabilité;5;5;En cours
212;P202503;Paie;6;6;En cours
213;J202503;Juridique;7;7;En cours
214;C202503;Comptabilité;8;8;En cours
215;C202503;Comptabilité;9;9;En cours
216;C202503;Comptabilité;10;10;En cours
217;P202503;Paie;11;11;En cours
218;C202503;Comptabilité;12;12;En cours
219;J202503;Juridique;13;13;En cours
220;P202503;Paie;14;14;En cours
221;C202503;Comptabilité;15;15;En cours
222;J202503;Juridique;16;16;En cours
223;P202503;Paie;17;17;En cours
224;C202503;Comptabilité;18;18;En cours
225;C202503;Comptabilité;19;19;En cours
226;P202503;Paie;20;20;En cours
227;C202503;Comptabilité;21;21;Clôturé
228;J202503;Juridique;22;22;En cours
229;C202503;Comptabilité;23;23;En cours
230;L202503;Conseil;24;24;En cours
231;C202503;Comptabilité;25;25;En cours
232;P202503;Paie;26;26;En cours
233;P202503;Paie;27;27;En cours
234;J202503;Juridique;28;28;En cours
235;C202503;Comptabilité;29;29;En cours
236;P202503;Paie;30;30;En cours
237;P202503;Paie;31;31;En cours
238;C202503;Comptabilité;32;32;En cours
239;J202503;Juridique;33;33;En cours
240;C202503;Comptabilité;34;34;En cours
241;C202503;Comptabilité;35;35;En cours
242;P202503;Paie;36;36;En cours
243;J202503;Juridique;37;37;En cours
244;C202503;Comptabilité;38;38;En cours
245;C202503;Comptabilité;39;39;En cours
246;C202503;Comptabilité;40;40;En cours
247;P202503;Paie;41;41;En cours
248;C202503;Comptabilité;42;42;En cours
249;J202503;Juridique;43;43;En cours
250;P202503;Paie;44;44;En cours
251;C202503;Comptabilité;45;45;En cours
252;J202503;Juridique;46;46;En cours
253;P202503;Paie;47;47;En cours
254;C202503;Comptabilité;48;48;En cours
255;C202503;Comptabilité;49;49;En cours
256;P202503;Paie;50;50;En cours
257;C202503;Comptabilité;51;51;En cours
258;J202503;Juridique;52;52;En cours
259;C202503;Comptabilité;53;53;En cours
260;L202503;Conseil;54;54;En cours
261;C202503;Comptabilité;55;55;En cours
262;P202503;Paie;56;56;En cours
263;P202503;Paie;57;57;En cours
264;J202503;Juridique;58;58;En cours
265;C202503;Comptabilité;59;59;En cours
266;P202503;Paie;60;60;En cours
267;P202503;Paie;61;61;En cours
268;C202503;Comptabilité;62;62;En cours
269;J202503;Juridique;63;1;En cours
270;C202503;Comptabilité;64;2;Clôturé
271;C202503;Comptabilité;65;3;En cours
272;P202503;Paie;66;4;En cours
273;J202503;Juridique;67;5;En cours
274;C202503;Comptabilité;68;6;En cours
275;C202503;Comptabilité;69;7;En cours
276;C202503;Comptabilité;70;8;En cours
277;P202503;Paie;71;9;En cours
278;C202503;Comptabilité;72;10;En cours
279;J202504;Juridique;73;11;En cours
280;P202504;Paie;74;12;En cours
281;C202504;Comptabilité;75;13;En cours
282;J202504;Juridique;76;14;En cours
283;P202504;Paie;77;15;En cours
284;C202504;Comptabilité;78;16;En cours
285;C202504;Comptabilité;79;17;En cours
286;P202504;Paie;80;18;En cours
287;C202504;Comptabilité;81;19;En cours
288;J202504;Juridique;82;20;En cours
289;C202504;Comptabilité;83;21;En cours
290;L202504;Conseil;84;22;En cours
291;C202504;Comptabilité;85;23;En cours
292;P202504;Paie;86;24;En cours
293;P202504;Paie;87;25;En cours
294;J202504;Juridique;88;26;En cours
295;C202504;Comptabilité;89;27;En cours
296;P202504;Paie;90;28;En cours
297;P202504;Paie;91;29;En cours
298;C202504;Comptabilité;92;30;En cours
299;J202504;Juridique;93;31;En cours
300;C202504;Comptabilité;94;32;En cours
301;C202504;Comptabilité;95;33;En cours
302;P202504;Paie;96;34;En cours
303;J202504;Juridique;97;35;En cours
304;C202504;Comptabilité;98;36;En cours
305;C202504;Comptabilité;99;37;En cours
306;C202504;Comptabilité;100;38;En cours
307;P202504;Paie;101;39;En cours
308;C202504;Comptabilité;102;40;En cours
309;J202504;Juridique;103;41;En cours
310;P202504;Paie;104;42;En cours
311;C202504;Comptabilité;105;43;En cours
312;J202504;Juridique;106;44;En cours
313;P202504;Paie;107;45;Clôturé
314;C202504;Comptabilité;108;46;En cours
315;C202504;Comptabilité;109;47;En cours
316;P202504;Paie;110;48;En cours
317;C202504;Comptabilité;111;49;En cours
318;J202504;Juridique;112;50;En cours
319;C202504;Comptabilité;113;51;En cours
320;L202504;Conseil;114;52;En cours
321;C202504;Comptabilité;115;53;En cours
322;P202504;Paie;116;54;En cours
323;P202504;Paie;117;55;En cours
324;J202504;Juridique;118;56;En cours
325;C202504;Comptabilité;119;57;En cours
326;P202504;Paie;120;58;En cours
327;P202504;Paie;121;59;En cours
328;C202504;Comptabilité;122;60;En cours
329;J202504;Juridique;123;61;En cours
330;C202504;Comptabilité;124;62;Clôturé
331;C202504;Comptabilité;125;1;En cours
332;P202504;Paie;126;2;En cours
333;J202504;Juridique;127;3;En cours
334;C202504;Comptabilité;128;4;En cours
335;C202504;Comptabilité;129;5;Clôturé
336;C202504;Comptabilité;130;6;En cours
337;P202504;Paie;131;7;En cours
338;C202504;Comptabilité;132;8;En cours
339;J202504;Juridique;133;9;En cours
340;P202504;Paie;134;10;En cours
341;C202504;Comptabilité;135;11;En cours
342;J202504;Juridique;136;12;En cours
343;P202504;Paie;137;13;En cours
344;C202504;Comptabilité;138;14;Clôturé
345;C202504;Comptabilité;139;15;En cours
346;P202504;Paie;140;16;En cours
347;C202504;Comptabilité;141;17;En cours
348;J202504;Juridique;142;18;En cours
349;C202504;Comptabilité;143;19;En cours
350;L202504;Conseil;144;20;En cours
351;C202504;Comptabilité;145;21;En cours
352;P202504;Paie;146;22;En cours
353;P202504;Paie;147;23;En cours
354;J202504;Juridique;185;61;En cours
355;C202504;Comptabilité;186;62;Clôturé
356;P202504;Paie;187;1;En cours
357;P202504;Paie;188;2;En cours
358;C202504;Comptabilité;189;3;En cours
359;J202504;Juridique;190;4;En cours
360;C202504;Comptabilité;191;5;En cours
361;C202504;Comptabilité;192;6;En cours
362;P202504;Paie;193;37;En cours
363;J202504;Juridique;194;38;En cours
364;C202504;Comptabilité;195;39;En cours
365;C202504;Comptabilité;196;40;En cours
366;C202504;Comptabilité;197;41;En cours
367;P202504;Paie;198;42;En cours
368;C202504;Comptabilité;199;43;En cours
369;J202504;Juridique;99;37;En cours
370;P202504;Paie;100;38;En cours
371;C202504;Comptabilité;101;39;Clôturé
372;J202504;Juridique;102;40;En cours
373;P202504;Paie;103;41;En cours
374;C202504;Comptabilité;104;42;En cours
375;C202504;Comptabilité;105;43;En cours
376;P202504;Paie;106;44;En cours
377;C202504;Comptabilité;107;45;En cours
378;J202504;Juridique;108;46;En cours
379;C202504;Comptabilité;109;47;En cours
380;L202504;Conseil;110;48;En cours
381;C202504;Comptabilité;111;49;En cours
382;P202504;Paie;112;50;En cours
383;P202504;Paie;113;51;Clôturé
384;J202504;Juridique;114;52;En cours
385;C202504;Comptabilité;115;53;En cours
386;C202504;Comptabilité;116;54;En cours
387;P202504;Paie;117;55;En cours
388;J202504;Juridique;118;56;En cours
389;C202504;Comptabilité;119;57;En cours
390;C202504;Comptabilité;120;58;En cours
391;C202504;Comptabilité;121;59;En cours
392;P202504;Paie;122;60;En cours
393;C202504;Comptabilité;123;61;En cours
394;J202504;Juridique;124;62;En cours
395;P202504;Paie;125;1;En cours
396;C202504;Comptabilité;126;2;En cours
397;J202504;Juridique;127;3;En cours
398;P202504;Paie;128;4;En cours
399;C202504;Comptabilité;129;5;En cours
400;C202504;Comptabilité;130;6;En cours
401;P202504;Paie;131;7;En cours
402;C202504;Comptabilité;132;8;En cours
403;J202504;Juridique;133;9;En cours
404;C202504;Comptabilité;134;10;En cours
405;L202504;Conseil;135;11;En cours
406;C202504;Comptabilité;136;12;Clôturé
407;P202504;Paie;137;13;En cours
408;P202504;Paie;138;14;En cours
409;J202504;Juridique;139;15;En cours
410;C202504;Comptabilité;140;16;En cours
411;P202504;Paie;141;17;En cours
412;P202504;Paie;142;18;En cours
413;C202504;Comptabilité;143;19;En cours
414;J202504;Juridique;144;20;En cours
415;C202504;Comptabilité;145;21;En cours
416;C202504;Comptabilité;146;22;En cours
417;P202504;Paie;147;23;En cours
418;J202504;Juridique;185;61;En cours
419;C202504;Comptabilité;186;62;En cours
420;C202504;Comptabilité;187;1;En cours
421;C202504;Comptabilité;188;2;En cours
422;P202504;Paie;189;3;En cours
423;C202504;Comptabilité;195;39;En cours
424;J202504;Juridique;196;40;En cours
425;P202504;Paie;197;41;En cours
426;C202505;Comptabilité;198;42;En cours
427;J202505;Juridique;199;43;Clôturé
428;P202505;Paie;99;37;En cours
429;C202505;Comptabilité;100;38;En cours
430;C202505;Comptabilité;101;39;En cours
431;P202505;Paie;102;40;En cours
432;C202505;Comptabilité;103;41;En cours
433;J202505;Juridique;104;42;En cours
434;C202505;Comptabilité;105;43;En cours
435;L202505;Conseil;106;44;En cours
436;C202505;Comptabilité;107;45;En cours
437;P202505;Paie;108;46;En cours
438;P202505;Paie;109;47;En cours
439;J202505;Juridique;110;48;En cours
440;C202505;Comptabilité;111;49;En cours
441;P202505;Paie;112;50;En cours
442;P202505;Paie;9;9;En cours
443;C202505;Comptabilité;10;10;En cours
444;J202505;Juridique;11;11;En cours
445;C202505;Comptabilité;12;12;En cours
446;C202505;Comptabilité;13;13;En cours
447;P202505;Paie;14;14;En cours
448;J202505;Juridique;15;15;En cours
449;C202505;Comptabilité;16;16;En cours
450;C202505;Comptabilité;17;17;En cours
451;C202505;Comptabilité;18;18;En cours
452;P202505;Paie;19;19;En cours
453;C202505;Comptabilité;20;20;En cours
454;J202505;Juridique;21;21;En cours
455;P202505;Paie;22;22;En cours
456;C202505;Comptabilité;23;23;En cours
457;J202505;Juridique;24;24;En cours
458;P202505;Paie;25;25;En cours
459;C202505;Comptabilité;26;26;En cours
460;C202505;Comptabilité;27;27;En cours
461;P202505;Paie;28;28;En cours
462;C202505;Comptabilité;29;29;En cours
463;J202505;Juridique;30;30;En cours
464;C202505;Comptabilité;31;31;En cours
465;L202505;Conseil;32;32;En cours
466;C202505;Comptabilité;33;33;En cours
467;P202505;Paie;34;34;En cours
468;P202505;Paie;35;35;En cours
469;J202505;Juridique;36;36;En cours
470;C202505;Comptabilité;37;37;En cours
471;P202505;Paie;38;38;En cours
472;P202505;Paie;39;39;En cours
473;C202505;Comptabilité;40;40;En cours
474;J202505;Juridique;41;41;En cours
475;C202505;Comptabilité;42;42;En cours
476;C202505;Comptabilité;43;43;En cours
477;P202505;Paie;44;44;Clôturé
478;J202505;Juridique;45;45;En cours
479;C202505;Comptabilité;46;46;En cours
480;C202505;Comptabilité;47;47;En cours
481;C202505;Comptabilité;48;48;En cours
482;P202505;Paie;49;49;En cours
483;C202505;Comptabilité;50;50;En cours
484;J202505;Juridique;51;51;En cours
485;P202505;Paie;52;52;En cours
486;C202505;Comptabilité;53;53;En cours
487;J202505;Juridique;54;54;En cours
488;P202505;Paie;55;55;En cours
489;C202505;Comptabilité;56;56;En cours
490;C202505;Comptabilité;57;57;En cours
491;P202505;Paie;58;58;En cours
492;C202505;Comptabilité;59;59;En cours
493;J202505;Juridique;60;60;En cours
494;C202505;Comptabilité;61;61;En cours
495;L202505;Conseil;62;62;En cours
496;C202505;Comptabilité;63;1;En cours
497;P202505;Paie;64;2;En cours
498;P202505;Paie;65;3;En cours
499;J202505;Juridique;66;4;En cours
500;C202505;Comptabilité;67;5;En cours
501;P202505;Paie;196;40;En cours
502;P202505;Paie;197;41;En cours
503;C202506;Comptabilité;198;42;En cours
504;J202506;Juridique;199;43;En cours
505;C202506;Comptabilité;99;37;En cours
506;C202506;Comptabilité;100;38;En cours
507;P202506;Paie;101;39;En cours
508;J202506;Juridique;102;40;En cours
509;C202506;Comptabilité;103;41;En cours
510;C202506;Comptabilité;104;42;En cours
511;C202506;Comptabilité;105;43;En cours
512;P202506;Paie;106;44;En cours
513;C202506;Comptabilité;107;45;En cours
514;J202506;Juridique;108;46;En cours
515;P202506;Paie;109;47;En cours
516;C202506;Comptabilité;110;48;En cours
517;J202506;Juridique;111;49;En cours
518;P202506;Paie;112;50;En cours
519;C202506;Comptabilité;113;51;En cours
520;C202506;Comptabilité;114;52;En cours
521;P202506;Paie;115;53;En cours
522;C202506;Comptabilité;116;54;En cours
523;J202506;Juridique;117;55;En cours
524;C202506;Comptabilité;118;56;En cours
525;L202506;Conseil;119;57;En cours
526;C202506;Comptabilité;120;58;En cours
527;P202506;Paie;121;59;En cours
528;P202506;Paie;122;60;En cours
529;J202506;Juridique;123;61;En cours
530;C202506;Comptabilité;124;62;En cours
531;P202506;Paie;125;1;En cours
532;P202506;Paie;126;2;En cours
533;C202506;Comptabilité;127;3;En cours
534;J202506;Juridique;128;4;En cours
535;C202506;Comptabilité;129;5;En cours
536;C202506;Comptabilité;130;6;En cours
537;P202506;Paie;131;7;En cours
538;J202506;Juridique;132;8;En cours
539;C202506;Comptabilité;133;9;En cours
540;C202506;Comptabilité;134;10;Clôturé
541;C202506;Comptabilité;135;11;En cours
542;P202506;Paie;136;12;En cours
543;C202506;Comptabilité;137;13;En cours
544;J202506;Juridique;138;14;En cours
545;P202506;Paie;139;15;En cours
546;C202506;Comptabilité;140;16;En cours
547;J202506;Juridique;141;17;En cours
548;P202506;Paie;142;18;En cours
549;C202506;Comptabilité;143;19;En cours
550;C202506;Comptabilité;144;20;En cours
551;P202506;Paie;145;21;En cours
552;C202506;Comptabilité;146;22;En cours
553;J202506;Juridique;147;23;En cours
554;C202506;Comptabilité;185;61;En cours
555;L202506;Conseil;186;62;En cours
556;C202506;Comptabilité;187;1;En cours
557;P202506;Paie;188;2;En cours
558;P202506;Paie;189;3;En cours
559;J202506;Juridique;195;39;En cours
560;C202506;Comptabilité;196;40;En cours
561;C202506;Comptabilité;197;41;En cours
562;P202506;Paie;198;42;En cours
563;J202506;Juridique;199;43;En cours
564;C202506;Comptabilité;99;37;En cours
565;C202506;Comptabilité;100;38;En cours
566;C202506;Comptabilité;101;39;En cours
567;P202506;Paie;102;40;En cours
568;C202506;Comptabilité;103;41;En cours
569;J202506;Juridique;104;42;En cours
570;P202506;Paie;105;43;En cours
571;C202506;Comptabilité;106;44;En cours
572;J202506;Juridique;107;45;En cours
573;P202506;Paie;108;46;En cours
574;C202506;Comptabilité;109;47;En cours
575;C202506;Comptabilité;110;48;En cours
576;P202506;Paie;111;49;En cours
577;C202506;Comptabilité;112;50;En cours
578;J202506;Juridique;9;9;En cours
579;C202506;Comptabilité;10;10;En cours
580;L202506;Conseil;11;11;En cours
581;C202506;Comptabilité;12;12;En cours
582;P202506;Paie;13;13;En cours
583;P202506;Paie;14;14;En cours
584;J202506;Juridique;15;15;En cours
585;C202506;Comptabilité;16;16;En cours
586;P202506;Paie;17;17;En cours
587;P202506;Paie;18;18;En cours
588;C202506;Comptabilité;19;19;En cours
589;J202506;Juridique;20;20;En cours
590;C202506;Comptabilité;21;21;En cours
591;C202506;Comptabilité;22;22;En cours
592;P202506;Paie;23;23;En cours
593;J202506;Juridique;24;24;En cours
594;C202506;Comptabilité;25;25;En cours
595;C202506;Comptabilité;26;26;En cours
596;C202506;Comptabilité;27;27;Clôturé
597;P202506;Paie;28;28;En cours
598;C202506;Comptabilité;29;29;En cours
599;J202506;Juridique;30;30;En cours
600;P202506;Paie;31;31;En cours
601;C202506;Comptabilité;32;32;En cours
602;J202506;Juridique;33;33;En cours
603;P202506;Paie;34;34;En cours
604;C202506;Comptabilité;35;35;En cours
605;C202506;Comptabilité;36;36;En cours
606;P202506;Paie;37;37;En cours
607;C202506;Comptabilité;38;38;En cours
608;J202506;Juridique;39;39;En cours
609;C202506;Comptabilité;40;40;En cours
610;L202506;Conseil;41;41;En cours
611;C202506;Comptabilité;42;42;En cours
612;P202506;Paie;43;43;En cours
613;P202506;Paie;44;44;En cours
614;J202506;Juridique;45;45;En cours
615;C202506;Comptabilité;46;46;En cours
616;P202506;Paie;47;47;En cours
617;P202506;Paie;48;48;En cours
618;C202506;Comptabilité;49;49;En cours
619;J202506;Juridique;50;50;En cours
620;C202506;Comptabilité;51;51;En cours
621;C202506;Comptabilité;52;52;En cours
622;P202506;Paie;53;53;En cours
623;J202506;Juridique;54;54;En cours
624;C202506;Comptabilité;55;55;En cours
625;C202506;Comptabilité;56;56;En cours
626;C202506;Comptabilité;57;57;En cours
627;P202506;Paie;58;58;En cours
628;C202506;Comptabilité;59;59;En cours
629;J202506;Juridique;60;60;En cours
630;P202506;Paie;61;61;En cours
631;C202506;Comptabilité;62;62;En cours
632;J202506;Juridique;63;1;En cours
633;P202506;Paie;64;2;En cours
634;C202506;Comptabilité;65;3;En cours
635;C202506;Comptabilité;66;4;En cours
636;P202506;Paie;67;5;En cours
637;C202506;Comptabilité;128;4;En cours
638;J202506;Juridique;129;5;En cours
639;C202506;Comptabilité;130;6;En cours
640;L202506;Conseil;131;7;En cours
641;C202506;Comptabilité;132;8;En cours
642;P202506;Paie;133;9;En cours
643;P202506;Paie;134;10;En cours
644;J202506;Juridique;135;11;En cours
645;C202506;Comptabilité;136;12;En cours
646;P202506;Paie;137;13;En cours
647;P202506;Paie;138;14;En cours
648;C202506;Comptabilité;139;15;En cours
649;J202506;Juridique;140;16;En cours
650;C202506;Comptabilité;141;17;Clôturé
651;C202506;Comptabilité;142;18;En cours
652;P202506;Paie;143;19;En cours
653;J202506;Juridique;144;20;En cours
654;C202506;Comptabilité;145;21;En cours
655;C202506;Comptabilité;146;22;En cours
656;C202506;Comptabilité;147;23;En cours
657;P202506;Paie;185;61;En cours
658;C202506;Comptabilité;186;62;En cours
659;J202506;Juridique;187;1;En cours
660;P202506;Paie;188;2;En cours
661;C202506;Comptabilité;189;3;En cours
662;J202506;Juridique;195;39;En cours
663;P202506;Paie;196;40;En cours
664;C202506;Comptabilité;197;41;En cours
665;C202506;Comptabilité;198;42;En cours
666;P202506;Paie;199;43;En cours
667;C202506;Comptabilité;99;37;En cours
668;J202506;Juridique;100;38;En cours
669;C202506;Comptabilité;101;39;En cours
670;L202506;Conseil;102;40;En cours
671;C202506;Comptabilité;103;41;En cours
672;P202506;Paie;104;42;En cours
673;P202506;Paie;105;43;En cours
674;J202506;Juridique;106;44;En cours
675;C202506;Comptabilité;107;45;En cours
676;P202506;Paie;108;46;En cours
677;P202506;Paie;109;47;En cours
678;C202506;Comptabilité;110;48;En cours
679;J202506;Juridique;111;49;En cours
680;C202506;Comptabilité;112;50;En cours
681;C202506;Comptabilité;9;9;En cours
682;P202506;Paie;10;10;En cours
683;J202506;Juridique;11;11;En cours
684;C202506;Comptabilité;12;12;En cours
685;C202506;Comptabilité;13;13;En cours
686;C202506;Comptabilité;14;14;En cours
687;P202506;Paie;15;15;En cours
688;C202506;Comptabilité;16;16;En cours
689;J202506;Juridique;17;17;En cours
690;P202506;Paie;18;18;En cours
691;C202506;Comptabilité;19;19;En cours
692;J202506;Juridique;20;20;En cours
693;P202506;Paie;21;21;Clôturé
694;C202506;Comptabilité;22;22;En cours
695;C202506;Comptabilité;23;23;En cours
696;P202506;Paie;24;24;En cours
697;C202506;Comptabilité;25;25;En cours
698;J202506;Juridique;26;26;En cours
699;C202507;Comptabilité;27;27;En cours
700;L202507;Conseil;28;28;En cours
701;C202507;Comptabilité;29;29;En cours
702;P202507;Paie;30;30;En cours
703;P202507;Paie;31;31;En cours
704;J202507;Juridique;32;32;En cours
705;C202507;Comptabilité;33;33;En cours
706;P202507;Paie;34;34;En cours
707;P202507;Paie;35;35;En cours
708;C202507;Comptabilité;36;36;En cours
709;J202507;Juridique;37;37;En cours
710;C202507;Comptabilité;38;38;En cours
711;C202507;Comptabilité;39;39;En cours
712;P202507;Paie;40;40;En cours
713;J202507;Juridique;41;41;Clôturé
714;C202507;Comptabilité;42;42;En cours
715;C202507;Comptabilité;43;43;En cours
716;C202507;Comptabilité;44;44;En cours
717;P202507;Paie;45;45;En cours
718;C202507;Comptabilité;46;46;En cours
719;J202507;Juridique;47;47;En cours
720;P202507;Paie;48;48;En cours
721;C202507;Comptabilité;49;49;En cours
722;J202507;Juridique;50;50;En cours
723;P202507;Paie;51;51;En cours
724;C202507;Comptabilité;52;52;En cours
725;C202507;Comptabilité;53;53;En cours
726;P202507;Paie;54;54;En cours
727;C202507;Comptabilité;55;55;En cours
728;J202507;Juridique;56;56;En cours
729;C202507;Comptabilité;57;57;En cours
730;L202507;Conseil;58;58;En cours
731;C202507;Comptabilité;59;59;En cours
732;P202507;Paie;60;60;En cours
733;P202507;Paie;61;61;En cours
734;J202507;Juridique;62;62;En cours
735;C202507;Comptabilité;63;1;En cours
736;C202507;Comptabilité;64;2;En cours
737;P202507;Paie;65;3;En cours
738;J202507;Juridique;66;4;En cours
739;C202507;Comptabilité;67;5;En cours
740;C202507;Comptabilité;196;40;En cours
741;C202507;Comptabilité;197;41;En cours
742;P202507;Paie;198;42;En cours
743;C202507;Comptabilité;199;43;En cours
744;J202507;Juridique;99;37;En cours
745;P202507;Paie;100;38;En cours
746;C202507;Comptabilité;101;39;En cours
747;J202507;Juridique;102;40;En cours
748;P202507;Paie;103;41;Clôturé
749;C202507;Comptabilité;104;42;En cours
750;C202507;Comptabilité;105;43;En cours
751;P202507;Paie;106;44;En cours
752;C202507;Comptabilité;107;45;En cours
753;J202507;Juridique;108;46;En cours
754;C202507;Comptabilité;109;47;En cours
755;L202507;Conseil;110;48;En cours
756;C202507;Comptabilité;100;38;En cours
757;P202507;Paie;101;39;En cours
758;P202507;Paie;102;40;En cours
759;J202507;Juridique;103;41;En cours
760;C202507;Comptabilité;104;42;En cours
761;P202508;Paie;105;43;En cours
762;P202508;Paie;106;44;En cours
763;C202508;Comptabilité;107;45;En cours
764;J202508;Juridique;108;46;En cours
765;C202508;Comptabilité;109;47;En cours
766;C202508;Comptabilité;110;48;En cours
767;P202508;Paie;111;49;En cours
768;J202508;Juridique;112;50;En cours
769;C202508;Comptabilité;9;9;En cours
770;C202508;Comptabilité;10;10;En cours
771;C202508;Comptabilité;11;11;En cours
772;P202508;Paie;12;12;En cours
773;C202508;Comptabilité;13;13;En cours
774;J202508;Juridique;14;14;En cours
775;P202509;Paie;15;15;En cours
776;C202509;Comptabilité;16;16;Clôturé
777;J202509;Juridique;17;17;Clôturé
778;P202509;Paie;18;18;En cours
779;C202509;Comptabilité;19;19;En cours
780;C202509;Comptabilité;20;20;En cours
781;P202509;Paie;21;21;En cours
782;C202509;Comptabilité;22;22;En cours
783;J202509;Juridique;23;23;En cours
784;C202509;Comptabilité;24;24;En cours
785;L202509;Conseil;25;25;En cours
786;C202509;Comptabilité;26;26;En cours
787;P202509;Paie;27;27;En cours
788;P202509;Paie;28;28;En cours
789;J202509;Juridique;29;29;En cours
790;C202509;Comptabilité;30;30;En cours
791;P202509;Paie;31;31;En cours
792;P202509;Paie;32;32;En cours
793;C202509;Comptabilité;33;33;En cours
794;J202509;Juridique;34;34;En cours
795;C202509;Comptabilité;35;35;En cours
796;C202509;Comptabilité;36;36;En cours
797;P202509;Paie;37;37;En cours
798;J202510;Juridique;38;38;En cours
799;C202510;Comptabilité;39;39;En cours
800;C202510;Comptabilité;40;40;En cours
801;C202510;Comptabilité;41;41;En cours
802;P202510;Paie;42;42;En cours
803;C202510;Comptabilité;43;43;En cours
804;J202510;Juridique;44;44;Clôturé
805;P202510;Paie;45;45;En cours
806;C202510;Comptabilité;46;46;En cours
807;J202510;Juridique;47;47;En cours
808;P202510;Paie;48;48;En cours
809;C202510;Comptabilité;49;49;En cours
810;C202510;Comptabilité;50;50;En cours
811;P202510;Paie;51;51;En cours
812;C202510;Comptabilité;52;52;En cours
813;J202510;Juridique;53;53;En cours
814;C202510;Comptabilité;54;54;En cours
815;L202510;Conseil;55;55;En cours
816;C202510;Comptabilité;56;56;En cours
817;P202510;Paie;57;57;En cours
818;P202510;Paie;58;58;En cours
819;J202510;Juridique;59;59;En cours
820;C202510;Comptabilité;60;60;En cours
821;P202510;Paie;61;61;En cours
822;P202510;Paie;62;62;En cours
823;C202510;Comptabilité;63;1;En cours
824;J202510;Juridique;64;2;En cours
825;C202510;Comptabilité;65;3;En cours
826;C202510;Comptabilité;66;4;En cours
827;P202510;Paie;67;5;En cours
828;J202510;Juridique;196;40;En cours
829;C202510;Comptabilité;197;41;En cours
830;C202510;Comptabilité;198;42;En cours
831;C202511;Comptabilité;199;43;En cours
832;P202511;Paie;99;37;En cours
833;C202511;Comptabilité;100;38;En cours
834;J202511;Juridique;101;39;En cours
835;P202511;Paie;102;40;En cours
836;C202511;Comptabilité;103;41;En cours
837;J202511;Juridique;104;42;En cours
838;P202511;Paie;105;43;En cours
839;C202511;Comptabilité;106;44;En cours
840;C202511;Comptabilité;107;45;En cours
841;P202511;Paie;108;46;En cours
842;C202511;Comptabilité;109;47;En cours
843;J202511;Juridique;110;48;En cours
844;C202511;Comptabilité;111;49;Clôturé
845;L202511;Conseil;112;50;En cours
846;C202511;Comptabilité;113;51;En cours
847;P202511;Paie;114;52;En cours
848;P202511;Paie;115;53;En cours
849;J202511;Juridique;116;54;En cours
850;C202511;Comptabilité;117;55;En cours
851;P202511;Paie;118;56;En cours
852;P202511;Paie;119;57;En cours
853;C202511;Comptabilité;120;58;En cours
854;J202511;Juridique;121;59;En cours
855;C202511;Comptabilité;122;60;En cours
856;C202511;Comptabilité;123;61;En cours
857;P202511;Paie;124;62;En cours
858;J202511;Juridique;125;1;En cours
859;C202511;Comptabilité;126;2;En cours
860;C202511;Comptabilité;127;3;En cours
861;C202511;Comptabilité;128;4;En cours
862;P202511;Paie;129;5;En cours
863;C202511;Comptabilité;130;6;En cours
864;J202511;Juridique;131;7;En cours
865;P202511;Paie;132;8;En cours
866;C202511;Comptabilité;133;9;En cours
867;J202511;Juridique;134;10;En cours
868;P202511;Paie;135;11;En cours
869;C202511;Comptabilité;136;12;En cours
870;C202511;Comptabilité;137;13;En cours
871;P202511;Paie;138;14;En cours
872;C202511;Comptabilité;139;15;En cours
873;J202511;Juridique;140;16;En cours
874;C202511;Comptabilité;141;17;En cours
875;L202511;Conseil;142;18;En cours
876;C202511;Comptabilité;143;19;En cours
877;P202511;Paie;144;20;En cours
878;P202511;Paie;145;21;En cours
879;J202511;Juridique;146;22;En cours
880;C202511;Comptabilité;147;23;En cours
881;P202511;Paie;185;61;En cours
882;P202511;Paie;186;62;En cours
883;C202511;Comptabilité;187;1;En cours
884;J202511;Juridique;188;2;En cours
885;C202511;Comptabilité;189;3;En cours
886;C202511;Comptabilité;195;39;En cours
887;P202511;Paie;196;40;En cours
888;J202511;Juridique;197;41;En cours
889;C202511;Comptabilité;198;42;En cours
890;C202511;Comptabilité;199;43;En cours
891;C202511;Comptabilité;99;37;En cours
892;P202511;Paie;100;38;En cours
893;C202511;Comptabilité;101;39;En cours
894;J202511;Juridique;102;40;En cours
895;P202511;Paie;103;41;Clôturé
896;C202511;Comptabilité;104;42;En cours
897;J202511;Juridique;105;43;En cours
898;P202511;Paie;106;44;En cours
899;C202511;Comptabilité;107;45;En cours
900;C202511;Comptabilité;108;46;En cours
901;P202511;Paie;109;47;En cours
902;C202511;Comptabilité;110;48;En cours
903;J202511;Juridique;111;49;En cours
904;C202511;Comptabilité;112;50;En cours
905;L202511;Conseil;9;9;En cours
906;C202511;Comptabilité;10;10;En cours
907;P202511;Paie;11;11;En cours
908;P202511;Paie;12;12;En cours
909;J202511;Juridique;13;13;En cours
910;C202511;Comptabilité;14;14;En cours
911;C202511;Comptabilité;15;15;En cours
912;P202511;Paie;16;16;En cours
913;J202511;Juridique;17;17;En cours
914;C202511;Comptabilité;18;18;En cours
915;C202512;Comptabilité;19;19;En cours
916;C202512;Comptabilité;20;20;En cours
917;P202512;Paie;21;21;En cours
918;C202512;Comptabilité;22;22;En cours
919;J202512;Juridique;23;23;En cours
920;P202512;Paie;24;24;En cours
921;C202512;Comptabilité;25;25;En cours
922;J202512;Juridique;26;26;En cours
923;P202512;Paie;27;27;En cours
924;C202512;Comptabilité;28;28;En cours
925;C202512;Comptabilité;29;29;En cours
926;P202512;Paie;30;30;En cours
927;C202512;Comptabilité;31;31;En cours
928;J202512;Juridique;32;32;Clôturé
929;C202512;Comptabilité;33;33;En cours
930;L202512;Conseil;34;34;En cours
931;C202512;Comptabilité;35;35;En cours
932;P202512;Paie;36;36;En cours
933;P202512;Paie;37;37;En cours
934;J202512;Juridique;38;38;En cours
935;C202512;Comptabilité;39;39;En cours
936;P202512;Paie;40;40;En cours
937;P202512;Paie;41;41;En cours
938;C202512;Comptabilité;42;42;En cours
939;J202512;Juridique;43;43;En cours
940;C202512;Comptabilité;44;44;En cours
941;C202512;Comptabilité;45;45;En cours
942;P202512;Paie;46;46;En cours
943;J202512;Juridique;47;47;En cours
944;C202512;Comptabilité;48;48;En cours
945;C202512;Comptabilité;49;49;En cours
946;C202512;Comptabilité;50;50;En cours
947;P202512;Paie;51;51;En cours
948;C202512;Comptabilité;52;52;En cours
949;J202512;Juridique;53;53;En cours
950;P202512;Paie;54;54;En cours
951;C202512;Comptabilité;55;55;En cours
952;J202512;Juridique;56;56;En cours
953;P202512;Paie;57;57;En cours
954;C202512;Comptabilité;58;58;En cours
955;C202512;Comptabilité;59;59;En cours
956;P202512;Paie;60;60;En cours
957;C202512;Comptabilité;61;61;En cours
958;J202512;Juridique;62;62;En cours
959;C202512;Comptabilité;63;1;En cours
960;L202512;Conseil;64;2;En cours
961;C202512;Comptabilité;65;3;En cours
962;P202512;Paie;66;4;En cours
963;P202512;Paie;67;5;En cours
964;J202512;Juridique;128;4;En cours
965;C202512;Comptabilité;129;5;En cours
966;P202512;Paie;130;6;En cours
967;P202512;Paie;131;7;Clôturé
968;C202512;Comptabilité;132;8;En cours
969;J202512;Juridique;133;9;En cours
970;C202512;Comptabilité;134;10;En cours
971;C202512;Comptabilité;135;11;En cours
972;P202512;Paie;136;12;En cours
973;J202512;Juridique;137;13;En cours
974;C202512;Comptabilité;138;14;En cours
975;C202512;Comptabilité;139;15;En cours
976;C202512;Comptabilité;140;16;En cours
977;P202512;Paie;141;17;En cours
978;C202512;Comptabilité;142;18;En cours
979;J202512;Juridique;143;19;En cours
980;P202512;Paie;144;20;En cours
981;C202512;Comptabilité;145;21;En cours
982;J202512;Juridique;146;22;En cours
983;P202512;Paie;147;23;En cours
984;C202512;Comptabilité;185;61;En cours
985;C202512;Comptabilité;186;62;En cours
986;P202512;Paie;187;1;En cours
987;C202601;Comptabilité;188;2;En cours
988;J202601;Juridique;189;3;En cours
989;C202601;Comptabilité;195;39;En cours
990;L202601;Conseil;196;40;En cours
991;C202601;Comptabilité;197;41;En cours
992;P202601;Paie;198;42;En cours
993;P202601;Paie;199;43;En cours
994;J202601;Juridique;99;37;En cours
995;C202601;Comptabilité;100;38;En cours
996;P202601;Paie;101;39;En cours
997;P202601;Paie;102;40;En cours
998;C202601;Comptabilité;103;41;En cours
999;J202601;Juridique;104;42;En cours
1000;C202601;Comptabilité;105;43;En cours
1001;C202601;Comptabilité;106;44;En cours
1002;P202601;Paie;107;45;En cours
1003;J202601;Juridique;108;46;En cours
1004;C202601;Comptabilité;109;47;En cours
1005;C202601;Comptabilité;110;48;En cours
1006;C202601;Comptabilité;111;49;En cours
1007;P202601;Paie;112;50;En cours
1008;C202601;Comptabilité;9;9;En cours
1009;J202601;Juridique;10;10;En cours
1010;P202601;Paie;11;11;En cours
1011;C202601;Comptabilité;12;12;En cours
1012;J202601;Juridique;13;13;En cours
1013;P202601;Paie;14;14;En cours
1014;C202601;Comptabilité;15;15;En cours
1015;C202601;Comptabilité;16;16;En cours
1016;P202601;Paie;17;17;En cours
1017;C202601;Comptabilité;18;18;En cours
1018;J202601;Juridique;19;19;En cours
1019;C202601;Comptabilité;20;20;En cours
1020;L202601;Conseil;130;6;En cours
1021;C202601;Comptabilité;131;7;Clôturé
1022;P202601;Paie;132;8;En cours
1023;P202601;Paie;133;9;En cours
1024;J202601;Juridique;134;10;En cours
1025;C202601;Comptabilité;135;11;En cours
1026;P202601;Paie;136;12;En cours
1027;P202601;Paie;137;13;En cours
1028;C202601;Comptabilité;138;14;En cours
1029;J202601;Juridique;139;15;En cours
1030;C202601;Comptabilité;140;16;En cours
1031;C202601;Comptabilité;141;17;En cours
1032;P202601;Paie;142;18;En cours
1033;J202601;Juridique;143;19;En cours
1034;C202601;Comptabilité;144;20;En cours
1035;C202601;Comptabilité;145;21;En cours
1036;C202601;Comptabilité;146;22;En cours
1037;P202601;Paie;147;23;En cours
1038;C202601;Comptabilité;185;61;En cours
1039;J202601;Juridique;186;62;En cours
1040;P202601;Paie;187;1;En cours
1041;C202601;Comptabilité;188;2;En cours
1042;J202601;Juridique;189;3;En cours
1043;P202601;Paie;195;39;En cours
1044;C202601;Comptabilité;196;40;En cours
1045;C202601;Comptabilité;197;41;En cours
1046;P202601;Paie;198;42;En cours
1047;C202601;Comptabilité;199;43;En cours
1048;J202601;Juridique;99;37;En cours
1049;C202601;Comptabilité;100;38;En cours
1050;L202601;Conseil;101;39;En cours
1051;C202601;Comptabilité;102;40;En cours
1052;P202601;Paie;103;41;En cours
1053;P202601;Paie;104;42;En cours
1054;J202601;Juridique;105;43;En cours
1055;C202601;Comptabilité;106;44;En cours
1056;P202601;Paie;107;45;En cours
1057;P202601;Paie;108;46;Clôturé
1058;C202601;Comptabilité;109;47;En cours
1059;J202601;Juridique;110;48;En cours
1060;C202601;Comptabilité;111;49;En cours
1061;C202601;Comptabilité;112;50;En cours
1062;P202601;Paie;9;9;En cours
1063;J202601;Juridique;10;10;En cours
1064;C202601;Comptabilité;11;11;En cours
1065;C202601;Comptabilité;12;12;En cours
1066;C202601;Comptabilité;13;13;En cours
1067;P202601;Paie;14;14;En cours
1068;C202601;Comptabilité;15;15;En cours
1069;J202601;Juridique;16;16;En cours
1070;P202601;Paie;17;17;En cours
1071;C202601;Comptabilité;18;18;En cours
1072;J202601;Juridique;19;19;En cours
1073;P202601;Paie;20;20;En cours
1074;C202601;Comptabilité;21;21;En cours
1075;C202601;Comptabilité;22;22;En cours
1076;P202601;Paie;23;23;En cours
1077;C202601;Comptabilité;24;24;En cours
1078;J202601;Juridique;25;25;En cours
1079;C202601;Comptabilité;26;26;En cours
1080;L202601;Conseil;27;27;En cours
1081;C202601;Comptabilité;28;28;En cours
1082;P202601;Paie;29;29;En cours
1083;P202601;Paie;30;30;En cours
1084;J202601;Juridique;31;31;En cours
1085;C202601;Comptabilité;32;32;En cours
1086;C202501;NF;210;63;En cours
1087;C202502;NF;211;63;En cours
1088;C202503;NF;212;63;En cours
1089;C202504;NF;213;63;En cours
1090;C202505;NF;214;63;En cours
1091;C202506;NF;215;63;En cours
1092;C202507;NF;216;63;En cours
1093;C202508;NF;217;63;En cours
1094;C202509;NF;218;63;En cours
1095;C202510;NF;219;63;En cours
1096;C202511;NF;220;63;En cours
1097;C202512;NF;221;63;En cours
1098;C202601;NF;222;63;En cours
